insert into navigazione.Porto
values
    (7, 'Pozzuoli', 'Lungomare C. Colombo, 17', '0815261160'),
    (6, 'Ischia Porto', 'via Porto, 25', '0813334070'),
    (8, 'Ischia Casamicciola', 'Molo Turistico', '081996535'),
    (9, 'Napoli Porta di Massa', 'Molo Beverello, 1', '0812445111'),
    (10, 'Procida Marina Grande', 'Via Roma, 1', '0818969668'),
    (11, 'Capri', 'Marina di Caterola', '0818377602'),
    (12, 'Ponza', 'Via Banchina Nuova', '077180687'),
    (13, 'Ventotene', 'Via Porto Romano', '3482525982');

insert into navigazione.compagnia
values 
    ('acqueblu', 'blublu1990', 'AcqueBlu', 'acqueblu.com'),
    ('nemo', 'xxnemoxx', 'Nemo', 'nemo.navigazione.com'),
    ('medexpress', 'viaggioveloce3000', 'MedExpress', 'navmedexpress.com'),
    ('marittima', 'algaverde', 'Marittima', 'naviga.marittima.it'),
    ('solemar', 'apellefigliodiapollo', 'Solemar', 'solemar.com'),
    ('medmar', 'medmar98', 'Medmar', 'medmargroup.it'),
    ('caremar', 'caremarcampania', 'Caremar', 'shop.caremar.it');

insert into navigazione.natante 
values 
    ('Benito Buono','medmar',800,90,'traghetto'::navigazione.tiponatante),
    ('Rosa D''Abundo','medmar',650,50,'traghetto'::navigazione.tiponatante),
    ('Tourist Ferry Boat III','medmar',293,30,'traghetto'::navigazione.tiponatante),
    ('Saetta','acqueblu',500,0,'motonave'::navigazione.tiponatante),
    ('Cricchetto','acqueblu',550,115,'traghetto'::navigazione.tiponatante),
    ('Pupone','acqueblu',640,75,'traghetto'::navigazione.tiponatante),
    ('Zio Paperone','acqueblu',400,0,'aliscafo'::navigazione.tiponatante),
    ('Apollo23','solemar',100,50,'traghetto'::navigazione.tiponatante),
    ('Dorata','solemar',400,0,'motonave'::navigazione.tiponatante),
    ('Poseidone','solemar',250,0,'aliscafo'::navigazione.tiponatante),
    ('Esdrongo','marittima',115,65,'traghetto'::navigazione.tiponatante),
    ('Mietitore','marittima',235,0,'aliscafo'::navigazione.tiponatante),
    ('Dorita','marittima',980,0,'motonave'::navigazione.tiponatante),
    ('Reina','medexpress',100,35,'traghetto'::navigazione.tiponatante),
    ('Princess','medexpress',650,0,'motonave'::navigazione.tiponatante),
    ('King','medexpress',240,0,'aliscafo'::navigazione.tiponatante),
    ('Navigante','nemo',145,70,'traghetto'::navigazione.tiponatante),
    ('Chiaretta','nemo',600,0,'motonave'::navigazione.tiponatante),
    ('Vamonos','caremar',150,55,'traghetto'::navigazione.tiponatante),
    ('Cacciatore','caremar',125,70,'traghetto'::navigazione.tiponatante),
    ('Miuzzola','caremar',860,0,'motonave'::navigazione.tiponatante);

insert into navigazione.CorsaRegolare (portopartenza, portoarrivo, orariopartenza, orarioarrivo, costointero,
                                         scontoridotto, costobagaglio, costoprevendita, costoveicolo, compagnia, natante) 
values 
    (6,7,'04:30:00+01','05:30:00+01',12.6,50.0,0.0,5.0,20.0,'medmar','Benito Buono'),
    (7,6,'06:25:00+01','07:25:00+01',12.6,50.0,0.0,5.0,20.0,'medmar','Benito Buono'),
    (6,7,'08:10:00+01','09:10:00+01',12.6,50.0,0.0,5.0,20.0,'medmar','Benito Buono'),
    (6,7,'11:10:00+01','12:10:00+01',12.6,50.0,0.0,5.0,20.0,'medmar','Benito Buono'),
    (6,7,'18:40:00+01','19:40:00+01',12.6,50.0,0.0,5.0,20.0,'medmar','Benito Buono'),
    (8,7,'02:30:00+01','03:50:00+01',12.6,50.0,0.0,5.0,0.0,'medmar','Tourist Ferry Boat III'),
    (7,6,'09:40:00+01','10:40:00+01',12.6,50.0,0.0,5.0,20.0,'medmar','Rosa D''Abundo'),
    (7,6,'13:30:00+01','14:30:00+01',12.6,50.0,0.0,5.0,20.0,'medmar','Rosa D''Abundo'),
    (7,6,'16:30:00+01','17:30:00+01',12.6,50.0,0.0,5.0,20.0,'medmar','Rosa D''Abundo'),
    (7,6,'20:40:00+01','21:40:00+01',12.6,50.0,0.0,5.0,20.0,'medmar','Rosa D''Abundo'),
    (10,7,'06:45:00+01','07:25:00+01',9.0,50.0,0.0,5.0,10.0,'medmar','Tourist Ferry Boat III'),
    (10,7,'08:30:00+01','09:10:00+01',9.0,50.0,0.0,5.0,10.0,'medmar','Tourist Ferry Boat III'),
    (6,9,'08:00:00+01','11:00:00+01',15.0,20.0,4.0,2.0,0.0,'acqueblu','Saetta'),
    (8,10,'15:00:00+01','18:30:00+01',10.0,25.0,3.0,2.0,31.0,'acqueblu','Cricchetto'),
    (6,7,'19:00:00+01','21:00:00+01',8.0,35.0,3.0,2.0,0.0,'acqueblu','Zio Paperone'),
    (10,7,'10:00:00+01','12:50:00+01',9.5,40.0,3.0,2.0,28.0,'acqueblu','Pupone'),
    (9,7,'08:40:00+01','11:00:00+01',11.4,25.0,3.5,2.0,21.0,'caremar','Vamonos'),
    (9,13,'10:00:00+01','13:00:00+01',24.0,15.0,5.0,3.0,40.0,'caremar','Cacciatore'),
    (12,10,'15:00:00+01','17:25:00+01',13.0,70.0,4.0,2.0,0.0,'caremar','Miuzzola'),
    (11,13,'17:00:00+01','20:10:00+01',14.0,70.0,3.0,2.0,0.0,'caremar','Miuzzola'),
    (10,13,'14:00:00+01','16:00:00+01',20.0,50.0,5.0,7.0,60.0,'caremar','Vamonos'),
    (6,12,'12:00:00+01','18:00:00+01',14.0,60.0,4.0,3.0,0.0,'nemo','Chiaretta'),
    (10,13,'08:00:00+01','10:00:00+01',25.0,25.0,7.0,3.0,40.0,'nemo','Navigante'),
    (8,13,'15:00:00+01','18:20:00+01',10.0,40.0,5.0,3.0,0.0,'nemo','Chiaretta'),
    (13,9,'08:00:00+01','11:00:00+01',18.4,70.0,4.0,2.5,0.0,'medexpress','Princess'),
    (13,7,'15:00:00+01','18:00:00+01',20.0,45.0,8.0,6.0,0.0,'medexpress','King'),
    (6,12,'07:00:00+01','10:20:00+01',14.0,80.0,2.5,3.0,46.0,'medexpress','Reina'),
    (8,10,'11:30:00+01','14:15:00+01',14.2,30.0,3.4,5.0,0.0,'marittima','Dorita'),
    (9,13,'15:00:00+01','18:20:00+01',16.7,25.0,5.5,4.0,0.0,'marittima','Mietitore'),
    (13,10,'11:10:00+01','14:05:00+01',17.3,80.0,5.0,4.6,63.0,'marittima','Esdrongo'),
    (13,6,'13:10:00+01','16:30:00+01',15.0,15.0,8.0,6.0,70.0,'marittima','Esdrongo'),
    (8,12,'14:45:00+01','17:12:00+01',20.0,90.0,5.0,4.0,76.0,'solemar','Apollo23'),
    (10,7,'14:55:00+01','18:10:00+01',23.7,55.0,6.0,6.0,0.0,'solemar','Poseidone'),
    (9,12,'09:55:00+01','12:15:00+01',20.4,60.0,5.0,4.0,0.0,'solemar','Dorata'),
    (7,13,'14:05:00+01','18:10:00+01',18.6,40.0,7.0,3.0,58.0,'solemar','Apollo23');

insert into navigazione.Periodo (datainizio, datafine, giorni) 
values 
    ('2024-01-22 +01','2024-01-31 +01','0111110'),
    ('2024-01-22 +01','2024-01-31 +01','0111110'),
    ('2024-01-21 +01','2024-01-31 +01','1111111'),
    ('2024-01-22 +01','2024-01-31 +01','1111011'),
    ('2024-01-22 +01','2024-01-31 +01','1000001'),
    ('2024-01-22 +01','2024-01-31 +01','0111110'),
    ('2024-01-22 +01','2024-01-31 +01','0111110'),
    ('2024-01-22 +01','2024-01-31 +01','1111111'),
    ('2024-01-22 +01','2024-01-31 +01','1111111'),
    ('2024-01-22 +01','2024-01-31 +01','1000001'),
    ('2024-01-22 +01','2024-01-31 +01','0111110'),
    ('2024-01-22 +01','2024-01-31 +01','1111111'),
    ('2024-01-01 +01','2024-06-30 +02','0111110'),
    ('2024-02-01 +01','2024-02-29 +01','1000001'),
    ('2024-01-01 +01','2024-07-31 +02','0101011'),
    ('2024-01-01 +01','2024-09-30 +02','1010100'),
    ('2024-01-01 +01','2024-06-30 +02','0111111'),
    ('2024-01-01 +01','2024-06-30 +02','0111011'),
    ('2024-02-01 +01','2024-02-29 +01','1000100'),
    ('2024-01-01 +01','2024-02-29 +01','0101010'),
    ('2024-03-01 +01','2024-04-30 +02','0010101'),
    ('2024-01-01 +01','2024-06-30 +02','1101011'),
    ('2024-01-01 +01','2024-06-30 +02','0111110'),
    ('2024-01-01 +01','2024-06-30 +02','0111111'),
    ('2024-01-01 +01','2024-06-30 +02','0111110'),
    ('2024-01-01 +01','2024-06-30 +02','0111111'),
    ('2024-01-01 +01','2024-04-30 +02','0101010'),
    ('2024-06-01 +02','2024-08-31 +02','1010100'),
    ('2024-01-01 +01','2024-06-30 +02','0111110'),
    ('2024-01-01 +01','2024-06-30 +02','0101010'),
    ('2024-06-01 +02','2024-09-30 +02','0010101'),
    ('2024-01-01 +01','2024-06-30 +02','0111110'),
    ('2024-01-01 +01','2024-06-30 +02','0101010'),
    ('2024-06-01 +02','2024-10-31 +01','0010101'),
    ('2024-01-01 +01','2024-09-30 +02','0111110'),
    ('2024-01-01 +01','2024-06-30 +02','1111100'),
    ('2024-01-01 +01','2024-09-30 +02','0111110'),
    ('2024-01-01 +01','2024-07-31 +02','1101010'),
    ('2024-01-01 +01','2024-06-30 +02','0111110'),
    ('2024-08-01 +02','2024-10-31 +01','1010101'),
    ('2024-01-01 +01','2024-07-31 +02','0111111'),
    ('2024-01-01 +01','2024-06-30 +02','0111110'),
    ('2024-01-01 +01','2024-06-30 +02','0111111'),
    ('2024-03-01 +01','2024-05-31 +02','1000000');

insert into navigazione.attivain 
values 
    (138,92),
    (139,93),
    (140,94),
    (141,95),
    (142,96),
    (143,97),
    (146,98),
    (147,99),
    (151,100),
    (152,101),
    (153,102),
    (154,103),
    (155,104),
    (155,105),
    (158,106),
    (158,107),
    (161,108),
    (162,109),
    (162,110),
    (165,111),
    (165,112),
    (168,113),
    (171,114),
    (172,115),
    (175,116),
    (176,117),
    (179,118),
    (179,119),
    (182,120),
    (185,121),
    (185,122),
    (188,123),
    (191,124),
    (191,125),
    (194,126),
    (197,127),
    (200,128),
    (203,129),
    (206,130),
    (206,131),
    (209,132),
    (212,133),
    (215,134),
    (215,135);

insert into navigazione.Scalo 
values 
    (143,10,'03:00:00+01','03:10:00+01'),
    (155,7,'09:00:00+01','09:20:00+01'),
    (158,9,'16:20:00+01','16:40:00+01'),
    (162,9,'11:00:00+01','11:20:00+01'),
    (165,10,'10:00:00+01','10:15:00+01'),
    (168,12,'11:30:00+01','11:45:00+01'),
    (172,6,'18:00:00+01','18:20:00+01'),
    (176,13,'15:40:00+01','16:00:00+01'),
    (179,11,'08:55:00+01','09:10:00+01'),
    (182,12,'16:00:00+01','16:20:00+01'),
    (185,10,'09:20:00+01','09:35:00+01'),
    (188,9,'16:00:00+01','16:20:00+01'),
    (191,13,'08:40:00+01','09:15:00+01'),
    (194,11,'12:20:00+01','12:45:00+01'),
    (197,8,'16:10:00+01','16:30:00+01'),
    (200,11,'11:55:00+01','12:12:00+01'),
    (203,7,'14:23:00+01','14:45:00+01'),
    (206,9,'15:20:00+01','15:42:00+01'),
    (209,11,'16:10:00+01','16:25:00+01'),
    (212,13,'10:40:00+01','11:55:00+01'),
    (215,8,'15:20:00+01','15:42:00+01');

insert into navigazione.AccountSocial 
values 
    ('Instagram','solemarIT','solemar'),
    ('YouTube','solemarYT','solemar'),
    ('tiktok','solemarIT','solemar'),
    ('Facebook','SolemarIT','solemar'),
    ('Instagram','marittimaIT','marittima'),
    ('TikTok','marittimaIT','marittima'),
    ('YouTube','marittimaChannel','marittima'),
    ('Instagram','medexpress','medexpress'),
    ('TikTok','MedexpressCompagnia','medexpress'),
    ('Facebook','compagniaMEDEXPRESS','medexpress'),
    ('Instagram','nemo.compagnia','nemo'),
    ('TikTok','nemoCompagnia','nemo'),
    ('YouTube','nemoCompagniaChannel','nemo'),
    ('Intagram','c_acqueblu','acqueblu'),
    ('TikTok','acqueBlu','acqueblu'),
    ('facebook','acqueBlueOfficialPage','acqueblu'),
    ('Instagram','CaremarOfficial','caremar'),
    ('facebook','CaremarOfficialPage','caremar'),
    ('YouTube','CaremarChannel','caremar'),
    ('Instagram','Medmar_Group','medmar'),
    ('TikTok','MedmarOfficial','medmar'),
    ('facebook ','MedmarGroupPage','medmar');

insert into navigazione.Email 
values 
    ('assistenza1@solemar.com','solemar'),
    ('assistenzaIT@solemar.com','solemar'),
    ('assistenza@marittima.it','marittima'),
    ('assistenzaBiglietti@medexpress.com','medexpress'),
    ('assistenzaInfo@medexpress.com','medexpress'),
    ('assist@nemo.it','nemo'),
    ('Infomail@nemo.it','nemo'),
    ('servizioclienti@ablu.it','acqueblu'),
    ('Infomail@ablu.it','acqueblu'),
    ('contactUs@caremar.comù','caremar'),
    ('contattaci@caremar.com','caremar'),
    ('medmar@medmar.it','medmar'),
    ('InfoBiglietti@medmar.it','medmar'),
    ('informazioni.clienti@marittima.it','marittima');

insert into navigazione.Telefono 
values 
    ('0825 671166','solemar'),
    ('0829 776699','solemar'),
    ('0825 908765','marittima'),
    ('0840 987844','marittima'),
    ('8020 857748','medexpress'),
    ('081 5746398','medexpress'),
    ('958999024','nemo'),
    ('081 090807','acqueblu'),
    ('015 998877','acqueblu'),
    ('756 756756','caremar'),
    ('39 33836377','caremar'),
    ('897665577','medmar'),
    ('085 88 55 46','medmar'),
    ('3911245896','nemo'),
    ('3845678421','nemo'),
    ('3914681283','medexpress'),
    ('3483738456','marittima'),
    ('3739146812','solemar');

insert into navigazione.cliente 
values 
    ('francisco','pw','Francesco','Rossetti'),
    ('redellefeste69','capodanno24','Natale','Pasquale'),
    ('ellocobielsa91','cavese91','Edinson','Esposito'),
    ('lapala90','Giobbe34','Ugo','Lapala'),
    ('miralanguleto','padelnuestro','Franco','Stupackuz'),
    ('robistick85','centurione','Roberto','Sticchi Fiusi'),
    ('lovefoligno','osolemio','Massimo','Bagnato'),
    ('yoursong1','lennoncannon','Elton','John'),
    ('mrjones63','lionheart','Hugh','Jones'),
    ('tammarogol','jessica09','Pasquale','Tammaro'),
    ('pisacaneant71','pluto10','Antonio','Pisacane'),
    ('renasone','vivaverdi','Ferdinando','Ubaldo'),
    ('monterrey89','nuevapassword.','Juan Pablo','Montoya'),
    ('picodellamirandola60','ulissemio12','Massimo','Ciarrapico'),
    ('ladybug33','gattonero','Denise','De Filippo'),
    ('lafrasne99','fiocchidineve','Emanuela','Frasnedi'),
    ('robchip','ftalatok','Roberta','Cipollo'),
    ('velleira03','narcisobianco','Talia','Velleira'),
    ('derkanzler54',' Schokoladenkekse','Angela','Merkel');

insert into navigazione.Veicolo 
values 
    ('NA052DE','francisco','motociclo'::navigazione.tipoveicolo),
    ('GG104EZ','redellefeste69','motociclo'::navigazione.tipoveicolo),
    ('AS265DF','derkanzler54','automobile'::navigazione.tipoveicolo),
    ('DF386GT','derkanzler54','motociclo'::navigazione.tipoveicolo),
    ('DF763GY','derkanzler54','motociclo'::navigazione.tipoveicolo),
    ('GH639FF','velleira03','mezzo pesante'::navigazione.tipoveicolo),
    ('DB220EZ','velleira03','altro'::navigazione.tipoveicolo),
    ('GG110EZ','robchip','automobile'::navigazione.tipoveicolo),
    ('RT685IJ','lafrasne99','motociclo'::navigazione.tipoveicolo),
    ('GH095KJ','lafrasne99','automobile'::navigazione.tipoveicolo),
    ('FT765YH','ladybug33','automobile'::navigazione.tipoveicolo),
    ('HJ768VB','tammarogol','motociclo'::navigazione.tipoveicolo),
    ('DC546GJ','pisacaneant71','automobile'::navigazione.tipoveicolo),
    ('GF657JJ','lovefoligno','altro'::navigazione.tipoveicolo),
    ('CE857ED','lapala90','mezzo pesante'::navigazione.tipoveicolo),
    ('BA025QW','lapala90','motociclo'::navigazione.tipoveicolo),
    ('CE234QW','miralanguleto','motociclo'::navigazione.tipoveicolo),
    ('QA324LP','robistick85','altro'::navigazione.tipoveicolo),
    ('AB589PO','robistick85','automobile'::navigazione.tipoveicolo),
    ('AD780FG','mrjones63','mezzo pesante'::navigazione.tipoveicolo),
    ('YI090QP','mrjones63','automobile'::navigazione.tipoveicolo),
    ('CR842PL','mrjones63','motociclo'::navigazione.tipoveicolo),
    ('AB408RH','pisacaneant71','motociclo'::navigazione.tipoveicolo),
    ('YD999WT','pisacaneant71','altro'::navigazione.tipoveicolo),
    ('TR013WS','pisacaneant71','mezzo pesante'::navigazione.tipoveicolo),
    ('CB900MN','renasone','motociclo'::navigazione.tipoveicolo),
    ('BR556TY','renasone','automobile'::navigazione.tipoveicolo),
    ('PI765YT','picodellamirandola60','mezzo pesante'::navigazione.tipoveicolo),
    ('VR708UT','picodellamirandola60','motociclo'::navigazione.tipoveicolo);

insert into navigazione.Biglietto (idCorsa, data, cliente, veicolo, prevendita, bagaglio, prezzo, dataAcquisto, etaPasseggero) 
values 
    (141,'2024-01-23 +01','redellefeste69','GG104EZ','FALSE','FALSE',32.59,'2024-01-21 +01',19),
    (141,'2024-01-23 +01','redellefeste69',NULL,'FALSE','TRUE',12.6,'2024-01-21 +01',20),
    (155,'2024-01-26 +01','redellefeste69',NULL,'FALSE','FALSE',15.0,'2024-01-25 +01',18),
    (203,'2024-01-26 +01','ellocobielsa91',NULL,'FALSE','FALSE',15.0,'2024-01-25 +01',18),
    (202,'2024-02-23 +01','ellocobielsa91','TY409IJ','FALSE','TRUE',85.3,'2024-01-25 +01',25),
    (204,'2024-02-21 +01','lapala90',NULL,'FALSE','TRUE',23.0,'2024-01-25 +01',22),
    (157,'2024-02-24 +01','lapala90',NULL,'FALSE','TRUE',19.0,'2024-01-25 +01',22),
    (184,'2024-02-29 +01','lapala90',NULL,'FALSE','TRUE',15.0,'2024-01-25 +01',22),
    (175,'2024-03-07 +01','miralanguleto','CE234QW','FALSE','TRUE',85.0,'2024-01-25 +01',18),
    (206,'2024-03-07 +01','miralanguleto','CE234QW','FALSE','TRUE',101.0,'2024-01-25 +01',18),
    (210,'2024-02-08 +01','miralanguleto',NULL,'FALSE','TRUE',29.7,'2024-01-25 +01',22),
    (215,'2024-02-20 +01','robistick85',NULL,'FALSE','TRUE',18.16,'2024-01-25 +01',8),
    (215,'2024-02-20 +01','robistick85','AB589PO','FALSE','TRUE',83.6,'2024-01-25 +01',45),
    (215,'2024-02-20 +01','robistick85',NULL,'FALSE','TRUE',25.6,'2024-01-25 +01',37),
    (206,'2024-02-01 +01','lovefoligno','GF657JJ','FALSE','TRUE',101.0,'2024-01-25 +01',28),
    (206,'2024-03-20 +01','lovefoligno','GF657JJ','FALSE','TRUE',101.0,'2024-01-25 +01',28),
    (206,'2024-03-20 +01','lovefoligno',NULL,'FALSE','TRUE',7.0,'2024-01-25 +01',6),
    (210,'2024-02-28 +01','yoursong1',NULL,'FALSE','FALSE',23.7,'2024-01-25 +01',18),
    (210,'2024-02-28 +01','yoursong1',NULL,'FALSE','TRUE',29.7,'2024-01-25 +01',14),
    (210,'2024-02-28 +01','yoursong1',NULL,'FALSE','TRUE',16.66,'2024-01-25 +01',9),
    (215,'2024-02-15 +01','tammarogol',NULL,'FALSE','FALSE',18.6,'2024-01-25 +01',23),
    (215,'2024-02-09 +01','tammarogol','HJ768VB','FALSE','TRUE',83.6,'2024-01-25 +01',23),
    (215,'2024-02-09 +01','tammarogol',NULL,'FALSE','TRUE',18.16,'2024-01-25 +01',8),
    (200,'2024-02-01 +01','tammarogol',NULL,'FALSE','TRUE',22.3,'2024-01-25 +01',66),
    (213,'2024-03-14 +01','pisacaneant71',NULL,'FALSE','TRUE',25.4,'2024-01-25 +01',34),
    (215,'2024-03-14 +01','pisacaneant71','AB408RH','FALSE','TRUE',83.6,'2024-01-25 +01',34),
    (189,'2024-03-14 +01','pisacaneant71',NULL,'FALSE','TRUE',28.0,'2024-01-25 +01',34),
    (210,'2024-02-22 +01','renasone',NULL,'FALSE','TRUE',29.7,'2024-01-25 +01',18),
    (195,'2024-02-23 +01','renasone',NULL,'FALSE','TRUE',17.6,'2024-01-25 +01',18),
    (167,'2024-02-23 +01','renasone','BR556TY','FALSE','TRUE',35.9,'2024-01-25 +01',33),
    (202,'2024-01-26 +01','monterrey89',NULL,'FALSE','TRUE',22.3,'2024-01-25 +01',26),
    (181,'2024-01-26 +01','monterrey89',NULL,'FALSE','FALSE',25.0,'2024-01-25 +01',26),
    (181,'2024-03-01 +01','monterrey89',NULL,'FALSE','FALSE',25.0,'2024-01-25 +01',26),
    (196,'2024-03-01 +01','monterrey89',NULL,'FALSE','FALSE',14.2,'2024-01-25 +01',26),
    (215,'2024-03-21 +01','picodellamirandola60',NULL,'FALSE','TRUE',25.6,'2024-01-25 +01',18),
    (188,'2024-03-21 +01','picodellamirandola60',NULL,'FALSE','TRUE',28.0,'2024-01-25 +01',18),
    (204,'2024-03-20 +01','picodellamirandola60',NULL,'FALSE','TRUE',23.0,'2024-01-25 +01',32),
    (200,'2024-02-01 +01','ladybug33','FT765YH','FALSE','TRUE',85.3,'2024-01-25 +01',18),
    (200,'2024-02-01 +01','ladybug33','FT765YH','FALSE','TRUE',85.3,'2024-01-25 +01',31),
    (186,'2024-04-10 +02','ladybug33',NULL,'FALSE','TRUE',9.52,'2024-01-25 +01',11),
    (186,'2024-04-10 +02','ladybug33',NULL,'FALSE','TRUE',22.4,'2024-01-25 +01',26),
    (167,'2024-01-26 +01','lafrasne99',NULL,'FALSE','FALSE',11.4,'2024-01-25 +01',18),
    (167,'2024-03-05 +01','lafrasne99','GH095KJ','FALSE','TRUE',35.9,'2024-01-25 +01',28),
    (167,'2024-03-05 +01','lafrasne99',NULL,'FALSE','FALSE',8.54,'2024-01-25 +01',10),
    (210,'2024-03-05 +01','lafrasne99',NULL,'FALSE','TRUE',29.7,'2024-01-25 +01',64),
    (191,'2024-02-14 +01','robchip','GG110EZ','FALSE','TRUE',62.5,'2024-01-25 +01',34),
    (191,'2024-02-14 +01','robchip',NULL,'FALSE','TRUE',16.5,'2024-01-25 +01',28),
    (171,'2024-04-17 +02','velleira03',NULL,'FALSE','FALSE',13.0,'2024-01-25 +01',32),
    (171,'2024-04-17 +02','velleira03',NULL,'FALSE','TRUE',17.0,'2024-01-25 +01',38),
    (184,'2024-04-17 +02','velleira03',NULL,'FALSE','TRUE',15.0,'2024-01-25 +01',38),
    (183,'2024-02-08 +01','derkanzler54',NULL,'FALSE','FALSE',6.0,'2024-01-25 +01',10),
    (183,'2024-02-08 +01','derkanzler54',NULL,'FALSE','TRUE',15.0,'2024-01-25 +01',32),
    (206,'2024-02-08 +01','derkanzler54','AS265DF','FALSE','TRUE',101.0,'2024-01-25 +01',40);
